onset	duration	label	start_x	start_y	end_x	end_y	amp	peak_vel	med_vel	avg_vel
0.000	0.175	FIXA	42.2	-65.6	14.4	-63.2	27.862	880.728	162.781	236.674
0.175	0.083	SACC	16.6	-63.2	360.9	-72.6	344.459	509.383	509.383	509.383
0.258	0.058	FIXA	368.0	-72.8	344.3	-85.3	26.798	925.604	691.926	657.715
0.317	0.083	SACC	347.4	-87.0	658.6	-75.9	311.373	848.004	848.004	848.004
0.400	0.346	FIXA	665.2	-74.7	788.2	-80.6	123.177	940.348	326.817	419.667
0.746	0.092	SACC	791.8	-80.3	1472.2	-52.3	680.958	862.566	862.566	862.566
0.838	0.246	FIXA	1481.0	-53.3	1524.2	-96.9	61.327	986.972	438.870	471.050
1.083	0.096	SACC	1527.6	-96.4	686.3	-80.3	841.455	834.825	162.721	191.943
1.179	0.250	FIXA	678.9	-80.0	776.5	-119.8	105.463	954.434	274.612	361.452
1.429	0.092	SACC	772.5	-120.1	413.0	-126.0	359.535	977.816	977.816	960.883
1.521	0.258	FIXA	413.9	-126.1	414.6	-120.4	5.720	724.450	193.596	205.082
1.779	0.058	SACC	415.7	-119.9	855.2	-117.7	439.453	300.562	300.562	300.562
2.708	0.237	SACC	1198.2	-64.5	603.8	-146.2	597.264	931.943	545.991	527.419
2.946	0.033	HPSO	603.4	-146.1	599.9	-144.7	3.741	203.434	107.832	127.681
2.979	0.204	FIXA	598.7	-144.4	1220.1	-112.6	622.167	877.762	245.755	402.932
3.183	0.100	SACC	1217.1	-111.9	361.3	-116.0	855.787	741.730	741.730	741.730
3.283	0.075	FIXA	360.0	-113.6	383.4	-137.0	33.030	964.685	699.985	670.096
3.358	0.079	SACC	381.6	-137.8	141.1	-128.1	240.703	475.926	475.926	475.926
3.438	0.354	FIXA	134.3	-127.7	171.9	-140.3	39.622	880.857	155.608	215.211
3.792	0.071	SACC	169.4	-140.3	-13.8	-153.8	183.669	605.717	605.717	605.717
3.862	0.033	LPSO	-21.4	-154.5	-21.9	-155.1	0.794	927.573	601.249	590.270
3.896	24.508	PURS	-18.2	-155.0	-2773.4	-185.1	2755.404	996.367	185.359	211.965
29.846	0.087	FIXA	-1889.5	-58.3	-1770.3	-61.4	61.019	509.523	509.523	484.870
29.933	0.183	SACC	-1767.5	-61.2	-84.7	38.4	1685.783	669.127	669.127	669.127
30.117	0.075	FIXA	-79.8	44.7	-39.9	-70.7	122.124	942.304	942.304	834.689
30.192	0.021	SACC	-41.8	-67.3	-61.3	-34.1	38.535	995.651	933.716	946.103
30.212	0.192	FIXA	-64.1	-31.3	-69.1	-63.2	32.282	970.493	450.346	508.255
30.404	0.100	SACC	-70.7	-63.4	-446.5	-75.5	376.022	953.796	388.186	409.304
30.504	0.154	FIXA	-445.6	-75.9	-454.5	-86.9	14.133	820.888	286.454	306.903
30.658	0.071	SACC	-457.0	-87.0	-623.0	-80.6	166.091	612.118	612.118	612.118
30.729	0.196	FIXA	-630.8	-80.0	-617.2	-87.8	15.683	943.394	145.012	262.343
30.925	0.071	SACC	-621.0	-87.2	-806.0	-74.2	185.468	938.124	938.124	938.124
30.996	0.046	FIXA	-813.0	-73.5	-808.9	-69.2	5.945	938.124	474.498	606.776
31.042	0.117	SACC	-810.6	-70.5	-123.0	10.0	692.316	526.377	262.086	308.573
31.158	0.162	FIXA	-115.5	10.9	-30.8	-28.6	93.399	931.612	759.865	634.392
31.321	0.075	SACC	-28.5	-28.5	196.9	-7.9	226.305	553.547	553.547	553.547
31.396	0.392	PURS	205.7	-6.8	199.0	-37.8	31.715	872.197	182.569	244.052
31.788	0.058	SACC	195.2	-37.1	83.5	-12.6	114.326	935.264	935.264	935.264
31.846	1.137	FIXA	75.4	-10.7	60.8	-70.3	61.380	982.255	226.073	334.262
32.983	0.054	SACC	62.9	-67.5	35.1	55.2	125.849	839.789	839.789	839.789
33.038	1.171	PURS	33.3	61.6	35.7	-11.6	73.204	999.591	200.503	316.335
34.208	0.067	SACC	39.6	-12.7	196.9	-59.3	164.059	959.632	959.632	959.632
34.275	0.046	FIXA	205.1	-61.1	215.8	-63.9	11.001	959.632	293.480	491.531
34.771	0.037	FIXA	423.6	10.2	414.1	3.9	10.476	650.960	308.140	352.111
34.808	0.104	SACC	410.5	4.0	771.3	-84.8	371.541	860.570	362.151	444.124
34.913	0.075	FIXA	780.0	-85.2	747.9	-87.7	32.162	857.565	750.417	672.284
34.987	0.075	SACC	745.4	-90.5	596.4	-59.9	152.130	893.860	893.860	893.860
35.062	0.304	FIXA	589.2	-57.7	502.8	-86.1	90.952	893.860	373.320	370.949
35.367	0.083	SACC	500.0	-86.3	264.3	-90.8	235.794	681.235	681.235	681.235
35.450	0.487	FIXA	258.8	-89.9	353.8	-100.3	95.516	976.985	239.714	370.806
35.938	0.079	SACC	350.9	-101.1	127.8	-128.2	224.813	701.592	701.592	701.592
36.017	0.163	FIXA	120.9	-128.3	94.1	-106.5	34.513	883.264	262.597	313.517
36.179	0.075	SACC	96.6	-106.1	321.7	-112.2	225.193	597.846	597.846	597.846
36.254	0.200	FIXA	330.7	-113.0	396.0	-131.3	67.785	915.972	284.812	329.441
36.454	0.087	SACC	394.3	-132.4	110.2	-199.1	291.768	485.641	485.641	485.641
36.542	0.658	FIXA	105.7	-197.3	104.5	-77.0	120.310	998.073	202.987	299.450
37.200	0.075	SACC	107.2	-77.6	311.0	-106.4	205.843	651.316	651.316	651.316
37.275	0.217	FIXA	319.2	-107.1	329.7	-111.0	11.143	961.953	117.466	176.064
37.492	0.050	SACC	332.6	-110.4	418.0	-92.0	87.338	712.286	712.286	712.286
37.542	0.083	FIXA	427.0	-90.0	486.8	-78.3	60.930	954.538	698.184	573.954
37.625	0.096	SACC	485.0	-78.6	42.9	-110.4	443.184	696.772	442.665	453.714
37.721	0.538	FIXA	43.7	-107.8	221.1	-102.2	177.454	873.424	221.894	328.525
38.258	0.071	SACC	217.6	-102.9	46.3	-118.0	171.944	860.518	860.518	860.518
38.329	0.079	FIXA	38.2	-117.7	-5.1	-117.1	43.364	996.732	447.650	570.037
38.408	0.083	SACC	-2.8	-116.6	292.6	-84.5	297.144	568.814	568.814	568.814
38.492	0.388	FIXA	299.9	-85.3	440.2	-84.4	140.283	929.567	190.011	348.428
38.879	0.054	SACC	443.5	-84.3	545.4	-79.7	101.926	812.568	812.568	812.568
38.933	0.054	FIXA	554.5	-78.5	584.2	-73.0	30.215	942.449	626.922	550.527
38.987	0.517	SACC	584.6	-73.0	529.6	-100.8	61.558	956.781	770.660	617.933
39.504	0.033	HPSO	524.6	-101.5	565.2	-95.3	41.086	328.059	328.059	307.365
39.538	0.050	FIXA	570.5	-93.9	590.6	-87.5	21.114	606.838	328.059	319.249
39.587	0.275	SACC	591.0	-87.8	928.7	-87.3	337.632	991.500	944.986	859.640
39.862	0.033	HPSO	929.0	-87.0	940.6	-78.7	14.288	609.775	381.103	413.189
39.896	0.296	FIXA	952.7	-77.0	1808.6	-245.5	872.304	982.980	609.775	611.623
40.192	0.112	SACC	1812.4	-245.6	854.6	-151.3	962.352	916.691	541.692	555.581
40.304	0.383	FIXA	846.0	-148.2	1019.3	-96.2	180.910	984.359	748.306	606.289
40.688	0.104	SACC	1015.7	-96.8	1802.7	-140.2	788.108	858.460	198.502	239.180
40.792	0.129	FIXA	1808.8	-144.9	1964.6	-249.7	187.721	898.046	198.502	256.126
40.921	0.050	SACC	1967.4	-250.0	1910.2	-213.1	68.078	681.446	222.881	311.089
40.971	0.075	FIXA	1903.3	-208.5	1888.4	-200.5	16.963	832.084	309.174	404.320
41.046	0.029	SACC	1890.3	-202.6	1831.1	-179.9	63.463	691.138	691.138	691.138
41.075	7.037	FIXA	1824.8	-177.1	-635.7	-258.4	2461.865	999.229	598.177	586.890
48.112	0.417	SACC	-639.8	-258.6	-1412.7	-303.3	774.200	963.258	776.554	781.428
48.529	0.358	PURS	-1421.9	-303.2	-2421.1	-312.9	999.200	776.554	776.554	776.554
49.500	0.087	SACC	-2449.8	-314.0	-1674.9	-149.1	792.238	419.349	419.349	419.349
49.587	0.104	FIXA	-1660.9	-146.0	-1779.9	-183.5	124.762	946.397	692.419	647.550
49.692	0.167	SACC	-1777.6	-182.3	-390.8	-285.4	1390.596	629.043	629.043	629.043
49.858	0.479	FIXA	-387.1	-291.6	1537.4	-352.8	1925.539	973.932	740.024	740.128
50.808	1.550	FIXA	1210.9	-182.8	308.7	-28.0	914.928	995.813	665.171	650.567
52.358	0.079	SACC	307.4	-28.3	64.6	-29.8	242.868	308.712	308.712	308.712
52.438	0.296	FIXA	58.9	-30.4	5.2	-48.0	56.500	956.421	314.291	454.962
53.233	1.250	FIXA	76.1	-9.2	-12.0	-45.6	94.841	999.432	200.673	363.203
54.483	0.054	SACC	-9.1	-47.0	76.9	-86.3	94.573	760.306	760.306	760.306
54.538	0.804	FIXA	84.9	-90.0	-16.5	-38.4	113.752	900.166	189.594	278.418
55.342	0.083	SACC	-13.2	-40.3	353.8	-83.9	369.603	924.374	924.374	924.374
55.425	0.171	FIXA	363.1	-83.9	324.8	-96.2	40.254	924.374	415.847	473.112
55.596	0.058	SACC	327.5	-95.4	459.0	-96.1	131.502	683.390	683.390	683.390
55.654	0.508	FIXA	468.2	-96.8	333.4	-51.5	142.137	981.707	371.096	453.158
56.163	0.054	SACC	330.7	-53.1	242.3	-89.3	95.478	770.599	770.599	770.599
56.217	7.546	FIXA	233.9	-92.0	1478.9	349.3	1320.892	989.529	215.507	305.532
63.763	0.092	SACC	1482.0	350.3	1760.1	457.9	298.183	786.090	786.090	786.090
63.854	0.117	FIXA	1768.2	460.1	1933.9	482.3	167.148	989.482	989.482	906.441
63.971	0.258	SACC	1933.0	478.8	377.6	-133.3	1671.536	855.953	855.953	855.953
64.229	0.158	FIXA	369.4	-131.9	320.8	-110.2	53.267	902.527	455.050	486.817
64.388	0.075	SACC	319.2	-108.1	102.9	-53.2	223.213	622.605	622.605	622.605
64.463	0.150	FIXA	95.4	-52.2	105.2	-24.6	29.291	978.607	491.369	469.651
64.612	0.075	SACC	101.5	-24.4	-114.9	-68.2	220.783	883.163	883.163	883.163
64.688	0.083	FIXA	-121.4	-68.4	-97.8	-61.5	24.606	942.331	326.356	414.331
65.275	0.029	SACC	2068.1	-200.5	2018.9	-197.7	49.272	688.061	688.061	688.061
65.304	0.442	FIXA	2012.6	-198.3	2009.0	-177.1	21.412	964.950	787.472	713.423
65.746	0.117	SACC	2012.3	-176.1	691.0	-214.3	1321.814	832.920	663.500	669.550
65.862	0.321	FIXA	686.3	-213.6	669.7	-100.4	114.457	967.459	831.381	683.072
66.183	0.087	SACC	667.0	-100.8	156.4	-56.3	512.517	674.908	674.908	674.908
66.271	0.038	FIXA	149.1	-58.1	175.7	-88.2	40.105	685.800	685.800	684.496
66.804	0.317	FIXA	-52.2	-62.2	-92.9	-57.1	22.697	809.475	209.276	260.208
67.121	0.033	SACC	-90.3	-58.5	-47.3	-90.5	53.563	703.323	703.323	703.323
67.154	2.108	FIXA	-39.7	-95.1	7.0	-47.0	67.081	996.415	217.013	311.410
69.263	0.100	SACC	11.1	-47.8	-642.4	-160.5	663.139	999.250	433.993	464.154
69.362	0.117	FIXA	-650.2	-161.0	-623.6	-193.7	42.244	904.120	566.692	595.285
69.479	0.112	SACC	-620.1	-193.7	-1062.8	-262.9	448.096	839.799	436.538	535.254
69.592	0.129	FIXA	-1069.6	-264.5	-926.5	-217.7	150.524	971.769	875.845	819.181
69.721	0.075	SACC	-930.1	-217.6	-1307.9	-252.0	379.277	875.674	875.674	875.674
69.796	0.167	FIXA	-1316.4	-250.9	-1102.2	-157.2	233.799	956.288	592.576	603.248
69.963	0.050	SACC	-1105.3	-156.9	-1207.6	-163.2	102.541	753.137	753.137	753.137
70.013	1.183	FIXA	-1215.2	-164.5	-751.2	-97.9	468.768	996.304	572.442	578.316
71.196	0.083	SACC	-748.8	-95.9	-401.7	-102.5	347.240	737.489	737.489	737.489
71.279	0.121	FIXA	-393.9	-102.3	-345.1	-117.2	51.058	985.667	601.535	655.631
71.400	0.083	SACC	-348.4	-118.6	-658.5	-102.6	310.490	874.238	874.238	874.238
71.483	0.521	FIXA	-659.8	-101.2	-466.3	-107.9	193.618	999.385	460.841	446.475
72.004	0.083	SACC	-468.9	-107.4	-726.5	-122.1	258.049	614.374	614.374	614.374
72.088	0.250	FIXA	-727.8	-122.7	-679.4	-106.2	51.113	997.698	287.436	344.931
72.338	0.100	SACC	-683.3	-106.4	-103.2	-58.4	582.038	922.402	251.989	288.132
72.438	0.425	FIXA	-95.2	-59.4	-78.0	-86.4	32.062	992.207	492.964	589.593
73.338	0.158	FIXA	59.6	-96.6	90.9	-105.9	32.521	831.111	152.364	254.518
73.496	0.087	SACC	87.6	-106.0	-284.8	-87.9	372.899	779.506	779.506	779.506
73.583	0.279	FIXA	-286.4	-88.3	-277.2	-119.3	32.316	978.139	160.133	264.145
73.862	0.058	SACC	-273.4	-119.1	-150.2	-105.3	123.923	922.252	922.252	922.252
73.921	0.054	PURS	-141.1	-104.3	-126.3	-100.4	15.325	922.252	660.679	677.719
73.975	0.083	SACC	-124.5	-100.4	172.7	-94.8	297.305	423.561	423.561	423.561
74.058	0.475	FIXA	181.2	-96.1	292.3	-111.9	112.198	844.051	324.092	387.317
74.533	0.092	SACC	288.7	-110.8	5.6	-96.3	283.470	890.096	890.096	886.323
74.625	0.208	FIXA	5.0	-95.4	2.0	-107.1	11.999	663.116	437.755	389.801
74.833	0.067	SACC	-1.7	-106.9	-152.8	-103.1	151.153	907.573	907.573	907.573
74.900	0.487	FIXA	-161.0	-103.1	-174.7	-96.4	15.226	957.073	359.454	481.020
75.388	0.108	SACC	-178.6	-96.2	238.3	-93.8	416.948	948.616	211.502	338.197
75.496	0.188	FIXA	246.3	-94.1	269.7	-125.1	38.803	874.455	531.561	485.992
75.683	0.079	SACC	272.5	-126.4	536.4	-103.9	264.877	749.319	749.319	749.319
75.763	0.138	FIXA	544.7	-103.1	606.1	-106.5	61.431	936.149	378.451	470.316
75.900	0.104	SACC	603.0	-107.4	-260.4	-127.7	863.696	754.693	754.693	754.693
76.004	0.133	FIXA	-265.2	-123.7	-348.1	-144.3	85.399	998.574	884.913	736.359
76.138	0.083	SACC	-350.7	-144.2	-621.9	-147.0	271.185	633.534	633.534	633.534
76.221	0.088	FIXA	-627.0	-144.0	-617.5	-142.9	9.564	965.404	446.051	530.945
76.308	0.067	SACC	-621.2	-143.4	-772.9	-131.7	152.141	903.124	903.124	903.124
76.375	0.158	FIXA	-780.5	-132.8	-806.2	-176.3	50.606	932.110	490.688	552.482
76.533	0.108	SACC	-809.1	-177.6	-1427.1	-302.2	630.442	750.507	750.507	750.507
76.642	0.162	FIXA	-1433.1	-303.7	-1518.4	-349.5	96.874	985.382	621.935	607.769
76.804	0.138	SACC	-1521.3	-348.7	-155.3	-89.2	1390.459	720.959	720.959	720.959
76.942	0.242	FIXA	-155.8	-88.7	-229.7	-139.3	89.510	916.123	385.812	482.746
77.183	0.092	SACC	-233.6	-138.0	-446.8	-144.3	213.299	976.529	976.529	952.237
77.275	0.054	FIXA	-446.4	-142.4	-431.3	-150.3	17.044	937.977	546.954	534.514
77.329	0.079	SACC	-433.7	-150.9	-675.1	-125.6	242.776	602.882	602.882	602.882
77.408	0.054	FIXA	-681.9	-125.1	-679.8	-142.4	17.393	775.963	604.967	615.709
77.463	0.100	SACC	-682.2	-144.2	-444.2	-108.5	240.700	727.488	309.147	404.517
77.562	0.183	FIXA	-435.2	-106.9	-468.6	-148.3	53.178	945.446	437.047	425.432
77.746	0.071	SACC	-472.5	-148.6	-619.8	-139.8	147.534	940.216	940.216	940.216
77.817	0.163	FIXA	-626.8	-139.9	-606.4	-157.5	26.948	955.187	436.457	487.219
77.979	0.067	SACC	-610.1	-158.4	-766.2	-187.2	158.719	918.639	918.639	918.639
78.046	0.125	FIXA	-774.0	-188.2	-783.3	-177.5	14.242	918.639	311.554	404.628
78.171	0.088	SACC	-787.0	-177.6	-1108.9	-198.1	322.557	914.107	880.474	882.076
78.258	0.221	FIXA	-1109.9	-199.2	-1106.5	-199.3	3.477	977.980	366.395	421.676
78.479	0.096	SACC	-1109.5	-200.4	-1564.4	-284.6	462.656	763.799	763.799	760.635
78.575	0.112	FIXA	-1563.8	-283.8	-1500.7	-269.9	64.638	983.055	441.630	531.950
78.688	0.088	SACC	-1504.6	-269.5	-1834.9	-264.1	330.377	950.346	950.346	932.574
78.775	0.208	FIXA	-1834.0	-263.2	-1772.3	-243.7	64.703	904.186	474.727	490.582
78.983	0.037	SACC	-1775.9	-244.1	-1844.7	-246.6	68.801	870.876	870.876	870.876
79.021	0.171	FIXA	-1853.6	-246.7	-1903.8	-254.4	50.750	980.051	491.835	530.297
79.192	0.088	SACC	-1906.9	-254.4	-2138.6	-286.8	234.015	739.918	739.918	739.918
79.279	0.283	FIXA	-2137.5	-286.7	-2844.0	-401.9	715.815	953.564	499.672	491.579
79.562	0.108	SACC	-2846.6	-398.8	-1794.0	-188.2	1073.443	958.472	958.472	958.472
79.671	0.517	FIXA	-1774.3	-184.4	-2546.8	-394.2	800.448	999.748	726.638	587.771
80.188	0.204	SACC	-2547.8	-398.1	176.9	-124.9	2738.349	948.724	848.209	860.517
80.392	0.146	FIXA	180.6	-131.4	432.3	-269.2	287.027	943.039	671.711	699.801
80.537	0.096	SACC	430.1	-272.3	1321.2	-311.6	891.935	923.911	609.304	623.033
80.633	0.067	FIXA	1342.7	-307.8	1161.6	-228.8	197.574	627.992	609.304	579.090
80.700	0.188	SACC	1161.8	-227.2	-2087.2	-305.7	3249.952	387.440	387.440	387.440
80.888	0.221	FIXA	-2095.5	-310.9	-2695.5	-445.0	614.860	972.492	321.536	504.624
82.338	7.604	FIXA	-2819.5	-376.9	1449.4	-116.4	4276.614	999.898	567.308	577.102
89.942	0.112	SACC	1453.4	-116.1	1707.7	-66.5	259.172	959.820	730.879	764.796
90.054	0.213	FIXA	1715.9	-63.2	1995.4	-71.5	279.629	912.169	808.081	771.584
90.267	0.208	SACC	1998.8	-71.6	2364.6	-58.6	366.043	821.445	821.445	821.445
90.475	0.042	FIXA	2373.5	-56.2	2419.3	-37.5	49.450	821.445	821.445	805.975
90.517	0.054	SACC	2422.9	-36.5	2519.2	-35.6	96.353	889.144	889.144	889.144
90.571	0.100	FIXA	2527.1	-35.4	2658.2	-49.9	131.822	889.144	889.144	889.144
91.400	0.067	FIXA	1220.1	-159.9	974.6	-184.8	nan	nan	nan	nan
91.467	0.175	SACC	973.4	-181.4	-160.4	-285.3	1138.590	863.975	863.975	863.975
91.642	0.096	FIXA	-170.5	-286.5	-94.9	-234.5	91.759	953.040	925.795	839.318
91.737	0.038	SACC	-98.8	-233.4	-168.6	-236.7	69.920	978.548	978.548	978.548
91.775	0.433	FIXA	-176.7	-237.5	-69.0	-146.3	141.095	991.116	705.398	687.753
92.208	0.092	SACC	-70.7	-146.2	-623.3	-165.0	552.878	400.709	400.709	400.709
92.300	0.154	FIXA	-627.8	-166.9	-647.6	-187.8	28.778	994.878	495.568	487.362
92.454	0.083	SACC	-644.9	-188.9	-99.2	-86.8	555.110	706.587	706.587	706.587
92.537	0.279	FIXA	-86.5	-83.3	-11.7	-135.8	91.424	885.515	415.615	438.405
93.292	0.067	FIXA	30.5	-21.2	33.0	-9.7	11.252	722.371	165.663	252.737
93.358	0.071	SACC	31.1	-11.9	-85.0	-143.7	175.597	696.610	696.610	696.610
93.429	0.183	FIXA	-91.4	-147.5	-121.5	-116.8	42.976	931.850	276.498	375.693
93.612	0.058	SACC	-118.5	-115.4	-6.0	-110.5	112.609	790.109	790.109	790.109
93.671	1.796	FIXA	2.8	-110.3	-193.3	-73.5	199.535	975.213	226.746	337.213
95.467	0.092	SACC	-194.8	-75.5	-804.4	-176.6	617.982	604.593	604.593	604.593
95.558	0.092	FIXA	-811.5	-176.9	-730.6	-201.5	84.567	908.179	893.928	749.451
95.650	0.096	SACC	-734.3	-201.8	-1226.7	-259.7	495.788	908.214	908.214	890.277
95.746	0.117	FIXA	-1226.9	-260.0	-1193.5	-246.2	36.156	931.633	404.521	536.605
95.862	0.125	SACC	-1190.5	-243.6	-1511.3	-246.4	320.786	944.763	424.188	589.337
95.987	0.579	FIXA	-1518.1	-243.5	-1025.9	-115.7	508.474	983.965	762.918	760.183
96.567	0.092	SACC	-1028.6	-117.0	-676.5	-76.4	354.499	722.153	263.571	285.178
96.658	0.933	FIXA	-667.2	-75.1	-520.0	-107.4	150.702	895.254	362.743	411.673
97.592	0.067	SACC	-516.0	-106.9	-364.2	-105.0	151.755	968.476	968.476	968.476
97.658	0.396	FIXA	-355.3	-105.1	-184.1	-100.6	171.311	968.476	428.012	442.488
98.542	0.167	FIXA	-62.3	-86.5	-40.5	-81.0	22.517	817.564	216.150	254.038
98.708	0.050	SACC	-43.8	-83.0	-131.3	-112.3	92.250	919.044	919.044	919.044
98.758	0.229	FIXA	-139.8	-113.7	-116.1	-108.7	24.250	919.044	406.809	423.232
98.987	0.079	SACC	-113.9	-109.0	114.2	-80.9	229.786	530.145	530.145	530.145
99.067	0.267	PURS	122.5	-80.3	196.9	-106.4	78.866	793.039	206.030	319.121
99.333	0.079	SACC	194.6	-106.6	-45.2	-81.6	241.132	541.278	541.278	541.278
99.412	0.425	FIXA	-51.6	-80.0	114.9	-97.1	167.399	950.413	384.735	463.975
99.838	0.087	SACC	112.0	-97.6	-179.6	-123.2	292.703	717.930	717.930	715.670
99.925	0.112	PURS	-179.4	-124.4	-174.0	-130.5	8.250	811.757	249.228	327.009
100.037	0.054	SACC	-177.5	-129.8	-279.2	-117.7	102.374	872.545	872.545	872.545
100.092	0.100	FIXA	-287.6	-116.6	-322.4	-135.5	39.609	938.852	626.858	611.041
100.192	0.096	SACC	-320.7	-138.0	204.4	-84.5	527.804	709.256	709.256	709.256
100.287	0.142	FIXA	211.8	-84.1	264.2	-109.5	58.191	863.607	512.055	468.737
100.429	0.050	SACC	267.7	-109.5	358.3	-104.6	90.724	855.955	855.955	855.955
100.479	0.221	FIXA	367.3	-104.6	419.1	-126.6	56.258	855.955	291.524	408.352
100.700	0.058	SACC	414.9	-126.3	295.1	-123.7	119.814	993.446	993.446	993.446
100.758	0.333	FIXA	287.3	-123.3	361.4	-105.5	76.198	998.013	499.301	537.075
101.092	0.092	SACC	359.8	-105.7	-58.7	-117.9	418.690	370.993	370.993	370.993
101.183	0.200	FIXA	-63.6	-115.9	-93.0	-119.3	29.605	972.800	352.095	386.062
101.383	0.096	SACC	-89.9	-118.7	287.9	-92.8	378.728	747.110	747.110	743.224
101.479	0.142	FIXA	288.7	-94.9	306.2	-116.7	27.942	574.932	267.203	280.142
101.621	0.050	SACC	309.4	-116.7	390.9	-106.1	82.160	785.849	785.849	785.849
101.671	0.454	FIXA	399.5	-105.0	599.9	-82.2	201.679	873.414	350.520	442.257
102.125	0.083	SACC	596.8	-82.7	322.5	-93.3	274.464	745.624	745.624	745.624
102.208	0.338	FIXA	316.6	-93.1	250.6	-91.6	65.978	972.775	336.192	419.293
102.546	0.117	SACC	254.6	-92.8	883.7	-49.0	630.586	996.383	996.383	996.383
102.662	0.171	FIXA	891.5	-46.7	917.2	-44.3	25.799	996.383	273.853	350.666
102.833	0.079	SACC	920.7	-44.5	1174.5	-6.4	256.698	837.702	837.702	837.702
102.912	0.108	FIXA	1182.3	-5.0	1237.3	-68.4	83.897	998.255	919.585	850.834
103.021	0.133	SACC	1241.1	-70.0	506.2	-69.0	734.926	986.640	177.239	372.423
103.154	0.092	FIXA	502.0	-69.7	543.6	-87.7	45.336	989.985	439.322	531.667
103.246	0.096	SACC	541.2	-87.7	192.1	-115.4	350.280	858.371	572.565	584.992
103.342	0.208	FIXA	192.0	-113.6	-122.5	-159.0	317.744	788.519	423.939	503.472
103.996	0.162	PURS	1071.6	-31.2	1059.9	-37.9	14.464	445.720	166.805	184.328
104.158	0.121	SACC	1062.4	-39.3	394.6	-85.3	669.353	695.577	537.768	569.271
104.279	0.167	FIXA	389.9	-88.3	427.2	-108.7	42.549	892.623	292.027	387.510
104.446	0.125	SACC	423.9	-110.1	-252.4	-184.4	680.385	866.902	866.902	864.147
104.571	0.058	FIXA	-253.5	-185.8	-220.0	-207.4	39.863	897.442	718.529	695.794
104.629	0.100	SACC	-222.1	-207.6	-727.8	-230.6	506.268	853.873	506.758	521.221
104.729	0.083	FIXA	-729.5	-233.7	-775.3	-303.0	83.039	994.713	852.766	900.379
104.812	0.188	SACC	-779.0	-301.8	1062.5	-57.5	1857.643	928.232	471.236	481.392
105.000	0.050	FIXA	1070.5	-56.7	1093.0	-60.0	22.730	632.981	471.236	427.887
105.050	0.096	SACC	1096.7	-60.8	1626.1	-62.0	529.422	914.608	914.608	914.608
105.146	0.346	FIXA	1632.9	-67.0	1629.2	-96.0	29.255	981.452	245.799	338.561
105.492	0.067	SACC	1632.2	-95.0	1811.9	-63.4	182.510	758.898	758.898	758.898
105.558	0.154	FIXA	1820.4	-62.0	1829.4	-58.7	9.619	969.199	520.799	505.826
105.713	0.096	SACC	1826.0	-58.1	2104.0	-54.0	278.069	836.503	330.093	412.806
105.808	0.212	FIXA	2113.8	-54.1	2084.4	-78.1	37.933	998.156	392.264	411.560
106.021	0.421	SACC	2080.8	-78.9	1399.6	-123.0	682.644	877.605	877.605	877.605
106.442	9.338	FIXA	1391.8	-122.2	-2829.2	-217.3	4222.081	999.802	435.598	488.345
115.779	0.267	SACC	-2831.4	-219.6	533.2	-160.0	3365.049	755.090	332.710	339.310
116.046	0.242	FIXA	540.4	-161.6	646.8	-180.2	107.975	857.650	682.225	620.833
116.287	0.100	SACC	648.3	-178.7	1250.4	-129.7	604.021	511.395	511.395	511.395
116.388	0.092	FIXA	1256.7	-129.9	1207.6	-137.4	49.692	944.122	574.723	531.536
116.479	0.021	SACC	1209.6	-138.0	1245.1	-147.2	36.645	507.272	507.272	507.272
116.500	0.037	FIXA	1256.3	-151.0	1154.9	-171.4	103.480	693.490	693.490	631.417
117.037	0.092	SACC	147.4	-154.7	993.3	-136.3	nan	nan	nan	nan
117.129	0.746	FIXA	999.4	-138.1	1067.4	-73.4	89.891	930.457	229.140	333.422
117.875	0.138	SACC	1070.0	-73.5	-67.8	-124.9	1138.954	615.929	211.066	274.279
118.013	0.325	FIXA	-74.2	-121.0	-44.6	-151.2	42.332	997.157	167.428	307.412
118.338	0.129	SACC	-47.6	-151.7	827.6	43.0	896.611	745.378	547.361	579.300
118.467	0.221	FIXA	835.2	40.9	1010.7	-82.7	214.691	839.420	547.361	433.573
118.688	0.100	SACC	1008.8	-82.3	75.5	-75.9	933.325	452.769	452.769	452.769
118.787	0.179	FIXA	69.2	-71.3	32.5	-78.0	37.331	995.791	452.769	464.137
119.408	0.038	FIXA	-145.9	-66.5	-141.1	-67.5	3.793	572.167	234.313	242.078
119.446	0.054	SACC	-137.8	-68.9	-41.0	-112.9	106.350	857.449	857.449	857.449
119.500	2.204	FIXA	-32.6	-116.3	61.9	-108.1	94.884	994.599	217.216	344.245
121.704	0.096	SACC	58.0	-108.7	-685.0	-86.2	743.290	945.694	945.694	945.694
121.800	0.042	FIXA	-686.7	-83.5	-664.1	-87.6	22.975	810.787	743.714	721.386
121.842	0.117	SACC	-666.7	-90.3	-269.1	-29.9	402.151	884.435	476.762	579.491
121.958	0.183	FIXA	-260.9	-30.1	-109.1	-83.7	160.986	957.936	870.270	780.396
122.142	0.029	SACC	-105.2	-82.9	-52.7	-82.9	52.500	943.408	943.408	943.408
122.171	2.083	FIXA	-43.7	-83.1	67.6	-86.1	111.351	969.229	187.784	254.478
124.254	0.092	SACC	64.2	-85.6	-208.2	-82.2	272.395	826.064	826.064	808.197
124.346	0.100	FIXA	-207.6	-81.8	-220.3	-81.0	12.710	519.954	275.165	268.862
124.446	0.100	SACC	-223.3	-80.8	61.7	-77.5	285.034	719.130	466.042	498.548
124.546	2.046	FIXA	69.2	-77.3	-3.7	-50.4	77.727	812.933	196.411	223.601
126.592	0.067	SACC	-7.7	-51.5	-159.0	-60.1	151.583	986.699	986.699	986.699
126.658	0.167	FIXA	-166.5	-59.0	-206.3	-48.3	41.254	986.699	178.289	309.001
126.825	0.071	SACC	-204.1	-48.7	-42.3	-101.6	170.226	529.668	529.668	529.668
126.896	4.654	FIXA	-34.8	-103.9	-860.4	119.9	855.459	991.353	253.860	305.160
131.550	0.975	SACC	-864.1	121.8	-373.2	-9.3	508.102	989.985	989.985	828.965
132.525	0.117	FIXA	-368.6	-12.1	-286.7	75.6	120.021	967.487	967.487	882.508
133.117	0.037	FIXA	386.2	-135.7	262.7	-121.7	nan	nan	nan	nan
133.154	0.042	SACC	242.9	-119.2	101.7	-99.4	nan	nan	nan	nan
133.196	0.229	FIXA	96.2	-98.6	60.7	-198.0	105.174	780.843	313.971	403.742
133.887	0.067	FIXA	84.4	6.0	89.0	26.4	20.062	812.001	312.108	394.868
133.954	0.062	SACC	88.0	23.4	36.1	-102.2	135.911	744.288	744.288	744.288
134.017	1.579	PURS	31.7	-108.8	39.8	-31.3	77.922	987.985	255.844	378.733
135.596	0.058	SACC	43.5	-31.8	156.2	-60.9	116.455	893.830	893.830	893.830
135.654	0.312	FIXA	164.5	-63.0	-20.1	-74.9	184.988	984.022	303.985	517.257
135.967	0.117	SACC	-16.7	-73.1	-420.5	-128.5	407.650	932.582	920.408	922.582
136.083	0.100	FIXA	-420.5	-127.7	-422.7	-145.0	17.472	868.677	418.873	475.860
136.183	0.071	SACC	-421.2	-143.8	-227.3	-94.0	200.199	477.713	477.713	477.713
136.254	0.208	FIXA	-218.6	-92.6	-234.6	-119.8	31.622	931.063	208.418	299.174
136.463	0.046	SACC	-231.4	-120.5	-153.5	-114.6	78.112	792.114	792.114	792.114
136.508	0.146	FIXA	-144.5	-112.5	-127.3	-127.6	22.951	888.120	596.132	588.896
136.654	0.071	SACC	-124.0	-127.6	51.9	-111.0	176.612	793.461	793.461	793.461
136.725	0.121	FIXA	60.6	-109.5	111.7	-121.7	52.533	963.038	366.945	459.513
136.846	0.100	SACC	115.3	-122.6	-265.1	-131.5	380.552	897.643	501.080	526.914
136.946	0.542	FIXA	-264.8	-131.7	-375.9	-143.8	111.759	972.695	231.934	358.040
137.488	0.092	SACC	-379.7	-144.0	-3.7	-110.7	377.514	912.220	350.205	384.557
137.579	0.237	FIXA	6.4	-107.8	28.4	-96.5	24.691	907.137	403.486	412.046
137.817	0.100	SACC	32.4	-97.1	-340.6	-134.5	374.905	983.571	416.440	443.102
137.917	0.604	FIXA	-343.5	-131.5	-444.4	-126.6	100.999	947.614	211.469	303.002
138.521	0.096	SACC	-448.5	-126.8	-3.0	-66.1	449.582	978.289	147.645	205.185
138.617	0.208	PURS	6.0	-65.1	72.7	-90.8	71.458	927.494	249.855	377.588
138.825	0.096	SACC	69.5	-90.8	-435.3	-108.7	505.118	753.184	753.184	736.653
138.921	0.596	FIXA	-434.7	-109.2	-571.7	-123.7	137.819	944.733	238.336	334.712
139.517	0.079	SACC	-569.5	-123.5	-307.0	-85.8	265.187	536.721	536.721	536.721
139.596	0.171	FIXA	-299.4	-85.1	-330.0	-101.9	34.937	778.217	184.626	288.581
139.767	0.087	SACC	-328.2	-102.4	57.0	-99.4	385.154	457.896	457.896	457.896
139.854	0.233	FIXA	63.7	-100.3	103.6	-119.6	44.342	907.783	425.426	388.278
140.088	0.100	SACC	101.5	-119.3	-536.4	-112.9	637.995	510.457	510.457	506.476
140.188	1.708	FIXA	-535.7	-114.1	-856.4	-118.8	320.709	979.530	259.302	359.456
141.896	0.054	SACC	-859.2	-119.4	-960.4	-135.9	102.526	693.556	693.556	693.556
141.950	0.950	FIXA	-969.2	-136.9	-1227.5	-170.6	260.504	975.077	300.678	355.264
142.900	0.104	SACC	-1223.9	-170.4	-1464.6	-185.1	241.138	868.771	434.198	520.777
143.004	0.167	FIXA	-1470.5	-184.0	-1456.0	-187.3	14.855	806.380	252.807	345.332
143.171	0.075	SACC	-1458.0	-187.1	-1644.9	-196.2	187.108	480.052	480.052	480.052
143.246	0.150	FIXA	-1651.4	-196.3	-1643.9	-170.8	26.568	894.261	356.109	359.836
143.396	0.092	SACC	-1646.9	-171.0	-1968.3	-196.6	322.349	731.597	731.597	722.633
143.488	3.850	FIXA	-1968.0	-196.4	-1939.0	-141.9	61.780	996.215	284.389	342.506
147.338	0.796	SACC	-1935.7	-141.1	-433.2	-213.0	1504.233	824.843	591.242	623.041
148.133	0.058	FIXA	-426.0	-213.7	-351.0	-221.4	75.423	882.621	591.242	674.493
148.192	0.287	SACC	-346.9	-221.6	192.9	-243.4	540.247	990.948	990.948	990.948
148.479	0.625	FIXA	201.5	-244.1	1214.2	-261.1	1012.836	997.685	990.948	976.754
149.104	0.092	SACC	1216.9	-260.9	1441.6	-279.7	225.405	657.262	657.262	657.262
149.196	4.371	FIXA	1449.7	-280.8	94.8	-96.9	1367.338	986.437	341.483	412.270
154.046	1.371	FIXA	-49.5	-44.8	36.3	52.9	130.047	993.100	440.686	508.920
155.417	0.108	SACC	35.5	52.7	-107.3	83.5	146.041	198.967	18.966	32.812
155.525	0.550	FIXA	-109.0	88.3	-74.4	-21.8	115.373	947.945	408.782	480.498
156.075	0.062	SACC	-76.9	-21.5	-195.7	-24.9	118.785	621.779	621.779	621.779
156.137	0.225	PURS	-203.7	-23.8	-216.6	-15.9	15.133	830.965	246.480	327.934
156.363	0.062	SACC	-219.4	-17.5	-330.2	-79.5	126.894	778.690	778.690	778.690
156.425	0.358	FIXA	-337.3	-82.7	-352.0	-80.4	14.860	985.758	187.513	256.969
156.783	0.071	SACC	-356.0	-80.4	-530.3	-101.0	175.512	946.672	946.672	946.672
156.854	0.154	PURS	-536.6	-101.3	-562.7	-104.1	26.248	946.672	337.898	408.083
157.008	0.067	SACC	-560.2	-103.7	-412.7	-105.4	147.473	619.509	619.509	619.509
157.075	0.096	FIXA	-404.6	-105.6	-417.3	-94.0	17.157	993.210	334.316	458.596
157.171	0.113	SACC	-419.9	-94.4	115.5	-56.3	536.718	606.511	301.711	348.499
157.283	0.258	FIXA	123.4	-58.1	216.1	-119.9	111.394	949.183	406.744	513.395
157.542	0.104	SACC	212.4	-119.2	-456.5	-99.8	669.185	904.020	904.020	890.529
157.646	0.450	FIXA	-455.5	-97.8	-594.6	-91.2	139.248	961.582	432.682	483.742
158.096	0.075	SACC	-590.4	-90.8	-342.4	-80.0	248.277	998.505	998.505	998.505
158.171	0.138	FIXA	-335.0	-78.7	-390.6	-61.8	58.150	998.505	320.917	438.014
158.308	0.088	SACC	-388.2	-62.3	204.5	-107.5	594.468	596.359	596.359	596.359
158.396	0.050	FIXA	215.0	-107.1	209.7	-114.0	8.713	893.249	611.503	576.396
158.446	0.013	SACC	210.1	-113.8	228.5	-123.7	20.963	115.777	115.777	115.777
158.458	0.150	FIXA	233.6	-125.6	315.0	-142.4	83.163	961.763	115.777	256.723
158.608	0.062	SACC	310.9	-142.7	182.2	-154.5	129.261	974.140	974.140	974.140
158.671	0.096	FIXA	174.1	-154.5	172.3	-133.0	21.620	974.140	499.481	620.156
158.767	0.092	SACC	170.8	-132.7	-528.0	-72.2	701.405	380.280	380.280	380.280
158.858	0.233	FIXA	-533.1	-69.7	-538.1	-94.7	25.498	882.458	455.958	419.256
159.092	0.071	SACC	-541.0	-95.0	-716.5	-104.5	175.762	698.582	698.582	698.582
159.162	0.271	FIXA	-723.8	-103.7	-766.8	-113.8	44.148	937.054	267.957	343.850
159.433	0.075	SACC	-763.5	-113.2	-499.4	-88.4	265.254	789.663	789.663	789.663
159.508	0.208	FIXA	-491.6	-87.2	-559.3	-73.2	69.158	902.568	370.813	397.185
159.717	0.054	SACC	-555.5	-74.4	-445.0	-90.0	111.626	967.177	967.177	967.177
159.771	0.162	FIXA	-436.2	-90.9	-477.6	-28.7	74.758	967.177	662.753	586.672
159.933	0.112	SACC	-477.9	-24.5	-785.9	-74.1	311.963	993.080	993.080	986.125
160.046	0.158	FIXA	-785.2	-73.5	-781.7	-126.8	53.436	859.863	316.101	360.787
160.204	0.108	SACC	-784.8	-128.7	-281.4	-120.0	503.542	876.955	338.830	463.013
160.312	0.171	FIXA	-269.6	-114.7	-291.7	-109.6	22.689	960.754	377.015	468.215
160.483	0.279	SACC	-295.7	-108.4	-1000.3	-66.4	705.883	992.075	456.825	633.048
160.762	0.188	FIXA	-1006.3	-68.9	-1015.9	-148.6	80.225	952.704	690.641	684.705
160.950	0.083	SACC	-1017.1	-152.2	-1362.4	-171.2	345.733	923.778	923.778	923.778
161.033	0.062	FIXA	-1368.9	-169.2	-1339.1	-171.6	29.903	976.135	923.778	624.078
161.096	0.117	SACC	-1341.0	-172.1	-527.5	-81.6	818.459	465.925	286.881	331.642
161.213	0.325	FIXA	-511.4	-75.2	-541.7	-41.1	45.595	929.754	445.611	458.230
161.537	0.100	SACC	-543.3	-40.5	-278.6	-58.9	265.329	419.888	419.888	419.888
161.637	0.121	FIXA	-270.5	-58.0	-175.4	-137.3	123.784	998.446	419.888	508.906
161.758	0.125	SACC	-172.5	-137.7	-988.0	-94.3	816.656	691.413	685.945	686.674
161.883	0.192	FIXA	-993.8	-93.9	-1027.8	-160.6	74.834	980.533	358.378	437.808
162.075	0.092	SACC	-1030.6	-160.8	-399.0	-99.5	634.622	672.108	672.108	672.108
162.167	0.208	FIXA	-390.4	-91.6	-477.3	-36.0	103.179	869.507	459.605	420.289
162.375	0.096	SACC	-473.3	-35.5	-35.8	-128.0	447.143	961.466	961.466	943.110
162.471	0.167	FIXA	-37.1	-129.2	-1.8	-167.5	52.037	970.051	615.808	579.692
162.637	0.104	SACC	-5.1	-166.0	-740.8	-112.6	737.666	868.283	868.283	868.283
162.742	0.088	FIXA	-741.0	-110.2	-718.5	-129.6	29.679	971.901	444.102	535.297
162.829	0.112	SACC	-716.5	-126.6	-1364.9	-206.1	653.304	849.804	849.804	849.804
162.942	0.258	FIXA	-1367.0	-207.9	-1420.2	-262.5	76.305	915.806	443.950	450.405
163.200	0.083	SACC	-1418.9	-261.3	-797.0	-125.1	636.645	432.272	432.272	432.272
163.283	0.108	FIXA	-786.2	-121.6	-863.7	-130.0	77.885	996.681	821.858	789.333
163.392	0.087	SACC	-864.5	-132.5	-1212.3	-178.8	350.863	627.461	627.461	627.461
163.479	0.671	FIXA	-1218.0	-180.8	-661.6	-62.6	568.800	998.749	354.259	471.423
164.150	0.129	SACC	-664.7	-62.2	-1834.9	-250.9	1185.346	750.496	750.496	750.496
164.279	0.279	FIXA	-1838.1	-258.4	-2087.1	-329.0	258.768	994.928	590.273	523.844
164.558	0.396	SACC	-2086.3	-329.5	-1694.2	-171.5	422.677	968.909	510.259	618.763
164.954	0.033	HPSO	-1694.5	-171.2	-1700.6	-174.0	6.673	355.700	240.391	238.603
164.988	0.037	FIXA	-1702.1	-174.7	-1750.3	-179.4	48.438	593.838	593.838	525.813
165.025	0.088	SACC	-1746.5	-179.5	-868.8	-119.6	879.769	905.465	905.465	905.465
165.113	0.100	FIXA	-858.7	-110.8	-975.5	-15.1	150.992	958.117	905.465	792.433
165.213	0.125	SACC	-973.6	-18.5	-1624.6	-115.3	658.164	940.311	751.541	783.641
165.338	0.392	FIXA	-1630.4	-118.7	-1674.0	-228.1	117.761	955.525	281.702	375.005
165.729	0.071	SACC	-1676.4	-228.4	-1833.8	-274.8	164.094	597.279	597.279	597.279
165.800	0.237	FIXA	-1840.0	-277.9	-1835.0	-291.5	14.545	861.678	364.161	434.346
166.037	0.292	SACC	-1832.6	-294.0	-1868.6	-248.5	57.954	818.259	559.489	578.322
166.329	0.037	FIXA	-1861.4	-243.5	-1837.8	-212.4	39.084	924.757	559.489	616.548
166.367	0.312	SACC	-1834.0	-211.1	-311.9	-10.5	1535.289	959.877	959.877	959.877
166.679	0.396	FIXA	-305.8	-5.0	1770.7	-142.3	2080.966	959.877	959.877	959.877
168.400	0.075	FIXA	-95.7	-33.5	-102.9	-51.3	15.934	853.793	640.421	631.216
168.475	0.096	SACC	-104.3	-52.1	-525.7	-225.1	455.544	771.646	374.658	391.918
168.571	0.088	FIXA	-526.4	-222.6	-521.0	-223.7	5.454	885.026	423.321	427.259
168.658	0.083	SACC	-518.4	-221.4	-196.0	2.1	392.282	837.703	837.703	837.703
168.742	0.479	FIXA	-189.7	7.5	-75.5	-82.7	145.548	994.022	465.040	492.365
169.704	0.267	FIXA	-120.0	39.4	-16.1	34.9	104.319	987.443	305.140	434.851
169.971	0.050	SACC	-14.5	31.5	36.3	-66.7	110.622	904.554	904.554	904.554
170.021	0.158	FIXA	37.8	-75.4	35.2	-51.4	24.067	904.554	835.445	656.033
170.179	0.112	SACC	31.7	-49.2	-845.4	-28.8	877.342	997.266	997.266	983.079
170.292	0.058	FIXA	-846.5	-30.4	-787.9	-64.9	67.977	915.299	823.253	777.447
170.350	0.129	SACC	-790.0	-64.0	-1739.3	-175.2	955.793	552.305	552.305	552.305
170.479	0.121	FIXA	-1745.0	-179.6	-1665.4	-120.7	99.004	976.146	878.837	826.655
170.600	0.108	SACC	-1666.4	-118.8	-371.9	106.9	1314.017	518.307	518.307	518.307
170.708	0.075	FIXA	-361.2	108.3	-403.8	31.5	87.793	938.855	938.855	868.038
170.783	0.096	SACC	-407.8	30.9	363.9	-31.4	774.247	963.695	450.062	472.394
170.879	0.513	FIXA	372.0	-33.3	224.4	-54.1	149.019	999.728	564.529	545.320
171.392	0.083	SACC	221.0	-54.5	16.5	-11.1	209.032	824.282	824.282	824.282
171.475	10.529	FIXA	10.0	-7.2	777.5	287.2	822.005	986.978	179.506	217.230
182.004	0.454	SACC	781.3	288.5	128.1	-199.9	815.631	968.838	881.150	672.758
182.458	0.071	FIXA	122.9	-204.2	127.7	-177.5	27.057	980.000	811.303	657.731
182.529	0.079	SACC	125.8	-176.3	-140.2	-195.5	266.730	537.485	537.485	537.485
182.608	0.338	PURS	-147.5	-197.4	-146.0	-79.9	117.519	964.878	520.176	531.882
183.392	2.192	FIXA	-108.5	-28.2	-90.5	-1.3	29.390	986.187	226.025	317.047
186.029	0.267	FIXA	-103.2	6.0	-197.4	-9.5	95.758	978.269	437.157	510.823
186.296	0.062	SACC	-194.3	-11.1	-60.2	-37.1	136.600	845.062	845.062	845.062
186.358	0.721	FIXA	-51.8	-38.1	59.5	-17.4	113.170	953.919	164.167	308.773
187.079	0.058	SACC	56.5	-18.1	-52.2	-29.3	109.310	741.353	741.353	741.353
187.137	0.138	FIXA	-60.8	-30.1	-89.1	-24.9	28.774	830.453	209.941	335.920
187.275	0.071	SACC	-92.2	-24.8	-259.9	-43.7	168.825	735.240	735.240	735.240
187.346	0.371	PURS	-267.0	-45.1	-375.8	-45.3	108.760	991.977	422.619	486.202
187.717	0.083	SACC	-373.6	-44.5	-9.4	-2.2	366.673	558.627	558.627	558.627
187.800	0.500	PURS	-2.8	-0.6	102.1	-28.8	108.693	971.597	316.134	398.344
188.300	0.071	SACC	98.7	-30.1	-62.1	-30.8	160.786	878.795	878.795	878.795
188.371	0.321	FIXA	-69.2	-29.7	-21.1	-17.4	49.648	959.289	410.250	467.454
188.692	0.088	SACC	-23.7	-16.7	-336.7	-30.6	313.321	648.907	648.907	648.907
188.779	0.392	FIXA	-337.6	-31.2	-440.4	-41.7	103.295	951.201	324.766	433.460
189.171	0.067	SACC	-436.5	-42.4	-256.3	-44.6	180.257	940.101	940.101	940.101
189.238	0.067	FIXA	-247.5	-44.4	-261.7	-42.5	14.358	984.897	825.778	697.219
189.304	0.071	SACC	-259.9	-42.4	-67.4	-21.5	193.627	430.145	430.145	430.145
189.375	0.287	FIXA	-58.6	-19.4	-83.8	-30.6	27.633	836.039	238.796	280.876
189.662	0.079	SACC	-81.8	-29.5	180.8	4.8	264.869	551.639	551.639	551.639
189.742	4.379	FIXA	190.0	5.6	-1201.0	74.6	1392.727	994.370	335.822	424.301
194.121	0.533	SACC	-1205.0	73.6	-2320.1	31.7	1115.934	988.316	988.029	988.035
194.654	0.188	FIXA	-2326.1	28.9	-2735.8	-50.9	417.429	988.029	988.029	988.029
195.292	0.225	FIXA	195.4	-22.0	56.9	3.3	152.594	980.175	764.934	698.806
195.517	0.062	SACC	54.5	1.2	11.1	-137.6	145.438	760.294	760.294	760.294
195.579	0.167	FIXA	8.5	-145.0	-26.3	-120.9	42.325	972.832	679.034	615.882
195.746	0.062	SACC	-28.8	-119.2	-118.4	11.6	158.570	721.365	721.365	721.365
195.808	0.387	FIXA	-122.6	18.7	-36.7	30.0	86.681	978.465	499.793	537.774
196.196	0.096	SACC	-33.0	31.2	-447.9	-29.3	419.339	934.281	200.884	233.254
196.292	0.238	FIXA	-452.3	-33.0	-470.6	-62.0	34.209	921.980	392.243	446.481
196.529	0.121	SACC	-474.6	-62.0	-81.5	3.7	398.567	975.673	137.010	389.033
196.650	3.508	FIXA	-72.6	6.6	34.7	-26.8	112.368	999.460	243.246	359.681
200.621	0.379	FIXA	-19.2	12.3	-94.5	1.9	75.775	948.542	217.155	384.964
201.000	0.058	SACC	-98.1	0.5	-215.0	-26.9	120.098	936.104	936.104	936.104
201.058	0.096	FIXA	-223.3	-27.8	-244.7	-28.1	21.324	936.104	494.035	518.485
201.154	0.050	SACC	-241.3	-28.5	-151.0	-18.0	90.924	817.267	817.267	817.267
201.204	7.650	FIXA	-142.1	-16.7	-624.4	-25.1	482.401	993.589	150.628	199.219
208.854	0.121	SACC	-628.5	-24.9	-801.0	-15.9	172.731	990.077	646.429	693.829
208.975	0.046	FIXA	-809.4	-15.8	-872.0	-19.0	62.667	646.429	646.429	646.429
209.021	0.300	SACC	-875.8	-19.9	-1947.3	-87.3	1073.617	941.379	941.379	939.401
209.321	0.054	FIXA	-1947.2	-88.7	-1971.4	-115.0	35.759	964.433	835.386	763.015
209.375	0.229	SACC	-1975.2	-116.1	-176.8	161.5	1819.720	942.140	722.004	740.407
209.604	0.046	FIXA	-169.8	165.7	-195.9	283.5	120.647	946.467	722.004	715.345
209.650	0.071	SACC	-198.5	280.8	-55.1	-31.1	343.297	887.828	887.828	887.828
209.721	1.037	FIXA	-46.4	-31.3	-78.7	-33.5	32.317	997.955	457.766	509.773
211.238	0.612	FIXA	7.4	-64.4	-28.8	-103.4	54.043	997.329	362.451	437.908
212.300	0.329	FIXA	0.5	-59.6	-34.5	8.3	78.133	949.124	421.385	480.173
213.062	0.496	FIXA	3.8	-25.8	5.6	-43.2	17.245	996.559	344.197	367.367
213.558	0.075	SACC	3.6	-44.1	-192.2	-84.4	199.856	524.239	524.239	524.239
213.633	0.213	FIXA	-199.4	-85.3	-218.2	-100.6	24.212	937.326	191.565	292.904
213.846	0.075	SACC	-215.3	-101.4	6.1	-88.8	221.789	711.098	711.098	711.098
213.921	10.113	FIXA	13.9	-87.4	860.0	-127.1	847.064	999.940	150.239	195.636
224.479	1.242	FIXA	-10.4	-91.9	-96.2	-77.1	31.244	995.209	230.391	320.726
225.721	0.058	SACC	-92.5	-77.2	25.2	-80.2	117.659	897.149	897.149	897.149
225.779	0.300	PURS	33.9	-80.5	64.2	-87.1	31.021	897.149	151.206	236.260
226.079	0.058	SACC	60.8	-86.6	-56.5	-81.7	117.392	849.154	849.154	849.154
226.137	0.133	PURS	-64.7	-81.8	-63.5	-73.1	8.757	920.703	347.848	418.616
226.271	0.087	SACC	-64.9	-74.4	-623.1	-106.6	559.119	458.110	458.110	458.110
226.358	0.092	FIXA	-631.6	-105.8	-615.5	-136.4	34.660	860.153	464.958	480.169
226.450	0.108	SACC	-619.5	-136.9	-48.0	-41.2	579.491	958.333	118.030	309.266
226.558	0.808	FIXA	-33.0	-37.1	-42.7	-57.6	22.717	992.773	301.721	429.303
227.842	47.392	PURS	-31.1	-47.8	-277.9	-83.2	249.628	991.423	168.788	209.705
275.671	11.079	FIXA	-374.8	-96.3	331.5	-81.6	707.752	993.545	304.891	325.480
287.212	12.588	FIXA	338.0	-81.0	-91.8	-86.0	430.194	989.789	139.566	185.591
300.262	0.458	FIXA	-110.0	-42.4	-85.7	-88.7	52.841	977.089	338.279	454.954
301.167	0.333	FIXA	-14.6	-79.9	28.6	-96.8	45.970	757.430	158.060	237.390
